{
  "project_info": {
    "project_number": "224647921527",
    "firebase_url": "https://juliogonzales-5a18d.firebaseio.com",
    "project_id": "juliogonzales-5a18d",
    "storage_bucket": "juliogonzales-5a18d.appspot.com"
  },
  "client": [
    {
      "client_info": {
        "mobilesdk_app_id": "1:224647921527:android:8640aa60aef6df36",
        "android_client_info": {
          "package_name": "com.example.juliogonzales"
        }
      },
      "oauth_client": [
        {
          "client_id": "224647921527-1nq0vhgf415mbfcu2d02sgtg2e2g1h32.apps.googleusercontent.com",
          "client_type": 3
        }
      ],
      "api_key": [
        {
          "current_key": "AIzaSyCpPYMYFU2az23VQ4TV2K96IV8pNbaDQtk"
        }
      ],
      "services": {
        "appinvite_service": {
          "other_platform_oauth_client": [
            {
              "client_id": "224647921527-1nq0vhgf415mbfcu2d02sgtg2e2g1h32.apps.googleusercontent.com",
              "client_type": 3
            }
          ]
        }
      }
    }
  ],
  "configuration_version": "1"
}